{
  "강원도": [
    {
      "구군": "원주시",
      "전력사용량": 2732227136
    },
    {
      "구군": "강릉시",
      "전력사용량": 2079532435
    },
    {
      "구군": "동해시",
      "전력사용량": 1725270695
    },
    {
      "구군": "태백시",
      "전력사용량": 299415970
    },
    {
      "구군": "속초시",
      "전력사용량": 600506058
    },
    {
      "구군": "삼척시",
      "전력사용량": 1506966787
    },
    {
      "구군": "홍천군",
      "전력사용량": 752979122
    },
    {
      "구군": "횡성군",
      "전력사용량": 698695625
    },
    {
      "구군": "영월군",
      "전력사용량": 1032459235
    },
    {
      "구군": "평창군",
      "전력사용량": 639930420
    },
    {
      "구군": "정선군",
      "전력사용량": 626236272
    },
    {
      "구군": "철원군",
      "전력사용량": 499720198
    },
    {
      "구군": "화천군",
      "전력사용량": 260128508
    },
    {
      "구군": "양구군",
      "전력사용량": 213582416
    },
    {
      "구군": "인제군",
      "전력사용량": 348166335
    },
    {
      "구군": "고성군",
      "전력사용량": 363105273
    },
    {
      "구군": "양양군",
      "전력사용량": 344582794
    },
    {
      "구군": "강원도",
      "전력사용량": 16688343262
    }
  ],
  "경기도": [
    {
      "구군": "광명시",
      "전력사용량": 1162495263
    },
    {
      "구군": "평택시",
      "전력사용량": 21774045689
    },
    {
      "구군": "동두천시",
      "전력사용량": 646274572
    },
    {
      "구군": "안산시",
      "전력사용량": 8030670368
    },
    {
      "구군": "과천시",
      "전력사용량": 543434147
    },
    {
      "구군": "구리시",
      "전력사용량": 865093170
    },
    {
      "구군": "오산시",
      "전력사용량": 1605118986
    },
    {
      "구군": "군포시",
      "전력사용량": 1512400719
    },
    {
      "구군": "의왕시",
      "전력사용량": 930425431
    },
    {
      "구군": "시흥시",
      "전력사용량": 5061138484
    },
    {
      "구군": "남양주시",
      "전력사용량": 3699983318
    },
    {
      "구군": "하남시",
      "전력사용량": 2033532275
    },
    {
      "구군": "양주시",
      "전력사용량": 2429327586
    },
    {
      "구군": "여주시",
      "전력사용량": 1539859778
    },
    {
      "구군": "화성시",
      "전력사용량": 21367043658
    },
    {
      "구군": "파주시",
      "전력사용량": 9194352792
    },
    {
      "구군": "광주시",
      "전력사용량": 2898972886
    },
    {
      "구군": "연천군",
      "전력사용량": 625759082
    },
    {
      "구군": "포천시",
      "전력사용량": 2756359535
    },
    {
      "구군": "가평군",
      "전력사용량": 738748192
    },
    {
      "구군": "양평군",
      "전력사용량": 1004623701
    },
    {
      "구군": "이천시",
      "전력사용량": 6197408257
    },
    {
      "구군": "용인시",
      "전력사용량": 11089993043
    },
    {
      "구군": "안성시",
      "전력사용량": 3731166769
    },
    {
      "구군": "김포시",
      "전력사용량": 4476100192
    },
    {
      "구군": "부천시",
      "전력사용량": 4508806396
    },
    {
      "구군": "성남시",
      "전력사용량": 5958551362
    },
    {
      "구군": "수원시",
      "전력사용량": 6563661465
    },
    {
      "구군": "안양시",
      "전력사용량": 3223548507
    },
    {
      "구군": "고양시",
      "전력사용량": 5232011991
    },
    {
      "구군": "경기도",
      "전력사용량": 143301641199
    }
  ],
  "경상남도": [
    {
      "구군": "창원시",
      "전력사용량": 10647934690
    },
    {
      "구군": "통영시",
      "전력사용량": 1079763966
    },
    {
      "구군": "사천시",
      "전력사용량": 1473405248
    },
    {
      "구군": "김해시",
      "전력사용량": 5583290752
    },
    {
      "구군": "밀양시",
      "전력사용량": 1403228954
    },
    {
      "구군": "거제시",
      "전력사용량": 2268769032
    },
    {
      "구군": "의령군",
      "전력사용량": 390905036
    },
    {
      "구군": "함안군",
      "전력사용량": 2935950158
    },
    {
      "구군": "창녕군",
      "전력사용량": 1081435454
    },
    {
      "구군": "양산시",
      "전력사용량": 3862700194
    },
    {
      "구군": "고성군",
      "전력사용량": 733226879
    },
    {
      "구군": "남해군",
      "전력사용량": 284127660
    },
    {
      "구군": "하동군",
      "전력사용량": 489827044
    },
    {
      "구군": "산청군",
      "전력사용량": 372895748
    },
    {
      "구군": "함양군",
      "전력사용량": 296334768
    },
    {
      "구군": "거창군",
      "전력사용량": 476475480
    },
    {
      "구군": "합천군",
      "전력사용량": 412620928
    },
    {
      "구군": "경상남도",
      "전력사용량": 36577869845
    }
  ],
  "경상북도": [
    {
      "구군": "김천시",
      "전력사용량": 2523588932
    },
    {
      "구군": "안동시",
      "전력사용량": 1242653454
    },
    {
      "구군": "구미시",
      "전력사용량": 9304752301
    },
    {
      "구군": "영주시",
      "전력사용량": 1735666516
    },
    {
      "구군": "영천시",
      "전력사용량": 1573318417
    },
    {
      "구군": "상주시",
      "전력사용량": 843625583
    },
    {
      "구군": "문경시",
      "전력사용량": 623742294
    },
    {
      "구군": "경산시",
      "전력사용량": 2829198879
    },
    {
      "구군": "의성군",
      "전력사용량": 469407016
    },
    {
      "구군": "청송군",
      "전력사용량": 209589573
    },
    {
      "구군": "영양군",
      "전력사용량": 115305340
    },
    {
      "구군": "영덕군",
      "전력사용량": 297428707
    },
    {
      "구군": "청도군",
      "전력사용량": 498609670
    },
    {
      "구군": "고령군",
      "전력사용량": 1196181578
    },
    {
      "구군": "성주군",
      "전력사용량": 1062736839
    },
    {
      "구군": "칠곡군",
      "전력사용량": 1902562020
    },
    {
      "구군": "예천군",
      "전력사용량": 413277087
    },
    {
      "구군": "봉화군",
      "전력사용량": 1466341946
    },
    {
      "구군": "울진군",
      "전력사용량": 641037516
    },
    {
      "구군": "울릉군",
      "전력사용량": 75841605
    },
    {
      "구군": "포항시",
      "전력사용량": 10472512713
    },
    {
      "구군": "경상북도",
      "전력사용량": 43732809119
    }
  ],
  "전라남도": [
    {
      "구군": "여수시",
      "전력사용량": 14993128295
    },
    {
      "구군": "순천시",
      "전력사용량": 2313725566
    },
    {
      "구군": "나주시",
      "전력사용량": 1414371355
    },
    {
      "구군": "광양시",
      "전력사용량": 3762472516
    },
    {
      "구군": "담양군",
      "전력사용량": 551736696
    },
    {
      "구군": "곡성군",
      "전력사용량": 442620750
    },
    {
      "구군": "구례군",
      "전력사용량": 190373100
    },
    {
      "구군": "고흥군",
      "전력사용량": 577831916
    },
    {
      "구군": "보성군",
      "전력사용량": 328147197
    },
    {
      "구군": "화순군",
      "전력사용량": 561271039
    },
    {
      "구군": "장흥군",
      "전력사용량": 384351838
    },
    {
      "구군": "강진군",
      "전력사용량": 412875860
    },
    {
      "구군": "해남군",
      "전력사용량": 793513125
    },
    {
      "구군": "영암군",
      "전력사용량": 1304077168
    },
    {
      "구군": "무안군",
      "전력사용량": 792918694
    },
    {
      "구군": "함평군",
      "전력사용량": 440642393
    },
    {
      "구군": "영광군",
      "전력사용량": 787776071
    },
    {
      "구군": "장성군",
      "전력사용량": 557095540
    },
    {
      "구군": "완도군",
      "전력사용량": 1113855717
    },
    {
      "구군": "진도군",
      "전력사용량": 366055826
    },
    {
      "구군": "신안군",
      "전력사용량": 350939200
    },
    {
      "구군": "전라남도",
      "전력사용량": 33580743730
    }
  ],
  "대구광역시": [
    {
      "구군": "동구",
      "전력사용량": 1659984315
    },
    {
      "구군": "서구",
      "전력사용량": 968393215
    },
    {
      "구군": "남구",
      "전력사용량": 630496432
    },
    {
      "구군": "북구",
      "전력사용량": 2367717911
    },
    {
      "구군": "수성구",
      "전력사용량": 1809985087
    },
    {
      "구군": "달서구",
      "전력사용량": 3904098726
    },
    {
      "구군": "달성군",
      "전력사용량": 4301847139
    },
    {
      "구군": "군위군",
      "전력사용량": 324991228
    },
    {
      "구군": "대구광역시",
      "전력사용량": 16746899099
    }
  ],
  "울산광역시": [
    {
      "구군": "동구",
      "전력사용량": 1622449306

    },
    
    {
      "구군": "남구",
      "전력사용량": 15282219238

    },
    {
      "구군": "북구",
      "전력사용량": 2502559332

    },
    {
      "구군": "중구",
      "전력사용량": 757358624

    },
    {
      "구군": "울주군",
      "전력사용량": 11754494292

    },
    {
      "구군": "울산광역시",
      "전력사용량": 31919080792

    }
  ],
  "대전광역시": [
    {
      "구군": "중구",
      "전력사용량": 995771007
    },
    {
      "구군": "서구",
      "전력사용량": 2032064333
    },
    {
      "구군": "대덕구",
      "전력사용량": 2646861763
    },
    {
      "구군": "유성구",
      "전력사용량": 3521083201
    },
    {
      "구군": "대전광역시",
      "전력사용량": 10169884217
    }
  ],
  "서울특별시": [
    {
      "구군": "중구",
      "전력사용량": 2403324322
    },
    {
      "구군": "용산구",
      "전력사용량": 1653099324
    },
    {
      "구군": "성동구",
      "전력사용량": 2268678748
    },
    {
      "구군": "동대문구",
      "전력사용량": 1540192538
    },
    {
      "구군": "성북구",
      "전력사용량": 1552131187
    },
    {
      "구군": "도봉구",
      "전력사용량": 923413049
    },
    {
      "구군": "은평구",
      "전력사용량": 1563435004
    },
    {
      "구군": "서대문구",
      "전력사용량": 1354277686
    },
    {
      "구군": "마포구",
      "전력사용량": 2355773836
    },
    {
      "구군": "강서구",
      "전력사용량": 2923380760
    },
    {
      "구군": "구로구",
      "전력사용량": 1948592186
    },
    {
      "구군": "영등포구",
      "전력사용량": 2887691370
    },
    {
      "구군": "동작구",
      "전력사용량": 1327361502
    },
    {
      "구군": "관악구",
      "전력사용량": 1787284070
    },
    {
      "구군": "강남구",
      "전력사용량": 4950512279
    },
    {
      "구군": "강동구",
      "전력사용량": 1763793948
    },
    {
      "구군": "송파구",
      "전력사용량": 3057631706
    },
    {
      "구군": "중랑구",
      "전력사용량": 1203220813
    },
    {
      "구군": "노원구",
      "전력사용량": 1569190799
    },
    {
      "구군": "서초구",
      "전력사용량": 3426654147
    },
    {
      "구군": "양천구",
      "전력사용량": 1771271301
    },
    {
      "구군": "광진구",
      "전력사용량": 1655963412
    },
    {
      "구군": "강북구",
      "전력사용량": 945864160
    },
    {
      "구군": "금천구",
      "전력사용량": 1757522698
    },
    {
      "구군": "서울특별시",
      "전력사용량": 50351994210
    }
  ],
  "부산광역시": [
    {
      "구군": "서구",
      "전력사용량": 644081235
    },
    {
      "구군": "동구",
      "전력사용량": 567056600
    },
    {
      "구군": "영도구",
      "전력사용량": 517836367
    },
    {
      "구군": "부산진구",
      "전력사용량": 1822269815
    },
    {
      "구군": "동래구",
      "전력사용량": 1062787524
    },
    {
      "구군": "남구",
      "전력사용량": 1529728259
    },
    {
      "구군": "북구",
      "전력사용량": 935750300
    },
    {
      "구군": "해운대구",
      "전력사용량": 1903657227
    },
    {
      "구군": "사하구",
      "전력사용량": 2338095016
    },
    {
      "구군": "금정구",
      "전력사용량": 1106627968
    },
    {
      "구군": "강서구",
      "전력사용량": 4482272015
    },
    {
      "구군": "연제구",
      "전력사용량": 873173089
    },
    {
      "구군": "수영구",
      "전력사용량": 694635250
    },
    {
      "구군": "사상구",
      "전력사용량": 1538938101
    },
    {
      "구군": "기장군",
      "전력사용량": 1458234625
    },
    {
      "구군": "부산광역시 ",
      "전력사용량": 21851299982
    }
  ],
  "인천광역시": [
    {
      "구군": "동구",
      "전력사용량": 2847786333
    },
    {
      "구군": "미추홀구",
      "전력사용량": 1899232984
    },
    {
      "구군": "서구",
      "전력사용량": 6442676295
    },
    {
      "구군": "남동구",
      "전력사용량": 3894719658
    },
    {
      "구군": "부평구",
      "전력사용량": 2417577256
    },
    {
      "구군": "계양구",
      "전력사용량": 1353855213
    },
    {
      "구군": "연수구",
      "전력사용량": 3394741077
    },
    {
      "구군": "강화군",
      "전력사용량": 626103373
    },
    {
      "구군": "옹진군",
      "전력사용량": 256104253
    },
    {
      "구군": "인천광역시",
      "전력사용량": 25964394540
    }
  ],
  "충청북도": [
    {
      "구군": "제천시",
      "전력사용량": 1632689463
    },
    {
      "구군": "보은군",
      "전력사용량": 415828898
    },
    {
      "구군": "옥천군",
      "전력사용량": 666496423
    },
    {
      "구군": "영동군",
      "전력사용량": 460393428
    },
    {
      "구군": "진천군",
      "전력사용량": 3082954020
    },
    {
      "구군": "괴산군",
      "전력사용량": 594492048
    },
    {
      "구군": "음성군",
      "전력사용량": 3364784347
    },
    {
      "구군": "단양군",
      "전력사용량": 1686718894
    },
    {
      "구군": "청주시",
      "전력사용량": 12207855998
    },
    {
      "구군": "증평군",
      "전력사용량": 545414603
    },
    {
      "구군": "충청북도",
      "전력사용량": 27567058048
    }
  ],
  "전라북도": [
    {
      "구군": "익산시",
      "전력사용량": 3121413694
    },
    {
      "구군": "정읍시",
      "전력사용량": 1576180586
    },
    {
      "구군": "남원시",
      "전력사용량": 691565263
    },
    {
      "구군": "김제시",
      "전력사용량": 1170437182
    },
    {
      "구군": "완주군",
      "전력사용량": 1860020446
    },
    {
      "구군": "진안군",
      "전력사용량": 221733057
    },
    {
      "구군": "무주군",
      "전력사용량": 229752890
    },
    {
      "구군": "장수군",
      "전력사용량": 225032952
    },
    {
      "구군": "임실군",
      "전력사용량": 293630037
    },
    {
      "구군": "순창군",
      "전력사용량": 279974110
    },
    {
      "구군": "고창군",
      "전력사용량": 686768407
    },
    {
      "구군": "부안군",
      "전력사용량": 512071597
    },
    {
      "구군": "전주시",
      "전력사용량": 4550625554
    },
    {
      "구군": "전라북도",
      "전력사용량": 21640147095
    }
  ],
  "광주광역시": [
    {
      "구군": "서구",
      "전력사용량": 1676341656
    },
    {
      "구군": "동구",
      "전력사용량": 670726034

    },
    {
      "구군": "북구",
      "전력사용량": 2471986178
    },
    {
      "구군": "광산구",
      "전력사용량": 3721151255
    },
    {
      "구군": "남구",
      "전력사용량": 803142659
    },
    {
      "구군": "광주광역시",
      "전력사용량": 9343347782

    }
  ],
  "세종특별자치시": [
    {
      "구군": "세종시",
      "전력사용량": 4151675829

    }
  ],
  "제주도": [
    {
      "구군": "서귀포시",
      "전력사용량": 2442336616
    },
    {
      "구군": "제주시합계",
      "전력사용량": 2442336616
    }
  ],
  "충청남도": [
    {
      "구군": "보령시",
      "전력사용량": 1548645088
    },
    {
      "구군": "공주시",
      "전력사용량": 1198862731
    },
    {
      "구군": "서산시",
      "전력사용량": 9804893359
    },
    {
      "구군": "천안시",
      "전력사용량": 9040376876
    },
    {
      "구군": "금산군",
      "전력사용량": 997247046
    },
    {
      "구군": "계룡시",
      "전력사용량": 308052124
    },
    {
      "구군": "논산시",
      "전력사용량": 1473565844
    },
    {
      "구군": "부여군",
      "전력사용량": 687000750
    },
    {
      "구군": "서천군",
      "전력사용량": 1172045172
    },
    {
      "구군": "청양군",
      "전력사용량": 367510789
    },
    {
      "구군": "홍성군",
      "전력사용량": 1126457910
    },
    {
      "구군": "예산군",
      "전력사용량": 1406677898
    },
    {
      "구군": "당진시",
      "전력사용량": 6718462503
    },
    {
      "구군": "태안군",
      "전력사용량": 1003350884
    },
    {
      "구군": "충청남도",
      "전력사용량": 50036919774
    }
  
  ]
}