{"v":"4.8.0","meta":{"g":"LottieFiles AE 1.0.0","a":"","k":"","d":"","tc":""},"fr":35,"ip":0,"op":70,"w":1067,"h":931,"nm":"Home","ddd":0,"assets":[{"id":"comp_0","layers":[{"ddd":0,"ind":1,"ty":0,"nm":"Pre-comp 1","refId":"comp_1","sr":1,"ks":{"o":{"a":0,"k":100,"ix":11},"r":{"a":0,"k":0,"ix":10},"p":{"a":0,"k":[241.5,230.5,0],"ix":2},"a":{"a":0,"k":[245.5,232.5,0],"ix":1},"s":{"a":0,"k":[89.409,87.957,100],"ix":6}},"ao":0,"w":491,"h":465,"ip":0,"op":70.0700700700701,"st":0,"bm":0}]},{"id":"comp_1","layers":[{"ddd":0,"ind":1,"ty":4,"nm":"Shape Layer 1","sr":1,"ks":{"o":{"a":0,"k":100,"ix":11},"r":{"a":0,"k":0,"ix":10},"p":{"a":0,"k":[243.5,212,0],"ix":2},"a":{"a":1,"k":[{"i":{"x":0.833,"y":0.833},"o":{"x":0.167,"y":0.167},"t":0,"s":[0,0,0],"to":[0,0,0],"ti":[0,0,0]},{"i":{"x":0.833,"y":0.833},"o":{"x":0.167,"y":0.167},"t":11.678,"s":[0,0,0],"to":[0,0,0],"ti":[0,0,0]},{"t":23.3566900233567,"s":[0,0,0]}],"ix":1},"s":{"a":0,"k":[87.342,38.476,100],"ix":6}},"ao":0,"shapes":[{"ty":"gr","it":[{"ind":0,"ty":"sh","ix":1,"ks":{"a":1,"k":[{"i":{"x":0.667,"y":1},"o":{"x":0.333,"y":0},"t":5.839,"s":[{"i":[[32.5,4.5],[-33.5,-0.5],[0,0]],"o":[[-1,0],[28.654,0.428],[0,0]],"v":[[-23.5,-9],[10.5,19.5],[42.5,-9]],"c":true}]},{"i":{"x":0.667,"y":1},"o":{"x":0.333,"y":0},"t":17.518,"s":[{"i":[[32.5,13.529],[-33.5,-1.503],[0,0]],"o":[[-1,0],[28.654,1.286],[0,0]],"v":[[-23.5,-9],[10.5,76.684],[42.5,-9]],"c":true}]},{"i":{"x":0.667,"y":1},"o":{"x":0.333,"y":0},"t":57.224,"s":[{"i":[[32.5,13.529],[-33.5,-1.503],[0,0]],"o":[[-1,0],[28.654,1.286],[0,0]],"v":[[-23.5,-9],[10.5,76.684],[42.5,-9]],"c":true}]},{"i":{"x":0.667,"y":1},"o":{"x":0.333,"y":0},"t":67.734,"s":[{"i":[[32.5,4.5],[-33.5,-0.5],[0,0]],"o":[[-1,0],[28.654,0.428],[0,0]],"v":[[-23.5,-9],[10.5,19.5],[42.5,-9]],"c":true}]},{"t":73.5735735735736,"s":[{"i":[[32.5,4.5],[-33.5,-0.5],[0,0]],"o":[[-1,0],[28.654,0.428],[0,0]],"v":[[-23.5,-9],[10.5,19.5],[42.5,-9]],"c":true}]}],"ix":2},"nm":"Path 1","mn":"ADBE Vector Shape - Group","hd":false},{"ty":"st","c":{"a":0,"k":[1,1,1,1],"ix":3},"o":{"a":0,"k":100,"ix":4},"w":{"a":0,"k":0,"ix":5},"lc":1,"lj":1,"ml":4,"bm":0,"nm":"Stroke 1","mn":"ADBE Vector Graphic - Stroke","hd":false},{"ty":"fl","c":{"a":0,"k":[0.274509803922,0.090198801078,0.02583621717,1],"ix":4},"o":{"a":0,"k":100,"ix":5},"r":1,"bm":0,"nm":"Fill 1","mn":"ADBE Vector Graphic - Fill","hd":false},{"ty":"tr","p":{"a":0,"k":[0,0],"ix":2},"a":{"a":0,"k":[0,0],"ix":1},"s":{"a":0,"k":[100,100],"ix":3},"r":{"a":0,"k":0,"ix":6},"o":{"a":0,"k":100,"ix":7},"sk":{"a":0,"k":0,"ix":4},"sa":{"a":0,"k":0,"ix":5},"nm":"Transform"}],"nm":"Shape 1","np":3,"cix":2,"bm":0,"ix":1,"mn":"ADBE Vector Group","hd":false}],"ip":0,"op":70.0700700700701,"st":0,"bm":0},{"ddd":0,"ind":2,"ty":0,"nm":"eays mouth","refId":"comp_2","sr":1,"ks":{"o":{"a":0,"k":100,"ix":11},"r":{"a":0,"k":0,"ix":10},"p":{"a":0,"k":[289.5,183.5,0],"ix":2},"a":{"a":0,"k":[50,50,0],"ix":1},"s":{"a":0,"k":[59,59,100],"ix":6}},"ao":0,"w":100,"h":100,"ip":0,"op":78.2449115782449,"st":0,"bm":0},{"ddd":0,"ind":3,"ty":0,"nm":"eays mouth","refId":"comp_2","sr":1,"ks":{"o":{"a":0,"k":100,"ix":11},"r":{"a":0,"k":0,"ix":10},"p":{"a":0,"k":[215.5,179.5,0],"ix":2},"a":{"a":0,"k":[50,50,0],"ix":1},"s":{"a":0,"k":[59,59,100],"ix":6}},"ao":0,"w":100,"h":100,"ip":0,"op":78.2449115782449,"st":0,"bm":0}]},{"id":"comp_2","layers":[{"ddd":0,"ind":1,"ty":4,"nm":"Shape Layer 1","sr":1,"ks":{"o":{"a":0,"k":100,"ix":11},"r":{"a":0,"k":0,"ix":10},"p":{"a":0,"k":[51,45,0],"ix":2},"a":{"a":0,"k":[14.5,19.963,0],"ix":1},"s":{"a":1,"k":[{"i":{"x":[0,0,0.667],"y":[394820.386,1.007,1]},"o":{"x":[0.333,0.333,0.333],"y":[0,0,0]},"t":26.86,"s":[100,99.8,100]},{"i":{"x":[0.833,0.833,0.833],"y":[1,1,1]},"o":{"x":[0.167,0.167,0.167],"y":[0,0,0]},"t":33.867,"s":[100,-0.395,100]},{"i":{"x":[0.833,0.833,0.833],"y":[1,1,1]},"o":{"x":[0.333,0.333,0.333],"y":[0,0,0]},"t":40.874,"s":[100,99.8,100]},{"i":{"x":[0,0,0.667],"y":[460623.617,1.008,1]},"o":{"x":[0.333,0.333,0.333],"y":[0,0,0]},"t":58.392,"s":[100,99.8,100]},{"i":{"x":[0.833,0.833,0.833],"y":[1,1,1]},"o":{"x":[0.167,0.167,0.167],"y":[0,0,0]},"t":66.567,"s":[100,-0.395,100]},{"t":72.4057390724057,"s":[100,99.8,100]}],"ix":6}},"ao":0,"shapes":[{"ty":"gr","it":[{"d":1,"ty":"el","s":{"a":0,"k":[37.5,37.5],"ix":2},"p":{"a":0,"k":[0,0],"ix":3},"nm":"Ellipse Path 1","mn":"ADBE Vector Shape - Ellipse","hd":false},{"ty":"st","c":{"a":0,"k":[1,1,1,1],"ix":3},"o":{"a":0,"k":100,"ix":4},"w":{"a":0,"k":0,"ix":5},"lc":1,"lj":1,"ml":4,"bm":0,"nm":"Stroke 1","mn":"ADBE Vector Graphic - Stroke","hd":false},{"ty":"fl","c":{"a":0,"k":[0.274509803922,0.090198801078,0.02583621717,1],"ix":4},"o":{"a":0,"k":100,"ix":5},"r":1,"bm":0,"nm":"Fill 1","mn":"ADBE Vector Graphic - Fill","hd":false},{"ty":"tr","p":{"a":0,"k":[14.75,19.75],"ix":2},"a":{"a":0,"k":[0,0],"ix":1},"s":{"a":0,"k":[100,100],"ix":3},"r":{"a":0,"k":0,"ix":6},"o":{"a":0,"k":100,"ix":7},"sk":{"a":0,"k":0,"ix":4},"sa":{"a":0,"k":0,"ix":5},"nm":"Transform"}],"nm":"Ellipse 1","np":3,"cix":2,"bm":0,"ix":1,"mn":"ADBE Vector Group","hd":false}],"ip":0,"op":78.2449115782449,"st":0,"bm":0}]}],"layers":[{"ddd":0,"ind":1,"ty":0,"nm":"egg","refId":"comp_0","sr":1,"ks":{"o":{"a":0,"k":100,"ix":11},"r":{"a":0,"k":-1.34,"ix":10},"p":{"a":1,"k":[{"i":{"x":0.833,"y":0.833},"o":{"x":0.167,"y":0.167},"t":0,"s":[130.253,878.797,0],"to":[0,0,0],"ti":[0,0,0]},{"i":{"x":0.833,"y":0.833},"o":{"x":0.167,"y":0.167},"t":35,"s":[130.253,815.797,0],"to":[0,0,0],"ti":[0,0,0]},{"t":69,"s":[130.253,878.797,0]}],"ix":2},"a":{"a":0,"k":[87.55,348.498,0],"ix":1},"s":{"a":0,"k":[254.775,240.865,100],"ix":6}},"ao":0,"w":491,"h":465,"ip":0,"op":78.2449115782449,"st":0,"bm":0},{"ddd":0,"ind":2,"ty":4,"nm":"Layer 6","sr":1,"ks":{"o":{"a":0,"k":100,"ix":11},"r":{"a":1,"k":[{"i":{"x":[0.667],"y":[1]},"o":{"x":[0.333],"y":[0]},"t":0,"s":[-8]},{"i":{"x":[0.667],"y":[1]},"o":{"x":[0.333],"y":[0]},"t":35,"s":[32]},{"t":69,"s":[-8]}],"ix":10},"p":{"a":0,"k":[533.5,465.5,0],"ix":2},"a":{"a":0,"k":[2653.339,857.412,0],"ix":1},"s":{"a":0,"k":[181.007,168.889,100],"ix":6}},"ao":0,"shapes":[{"ty":"gr","it":[{"ind":0,"ty":"sh","ix":1,"ks":{"a":0,"k":{"i":[[-5.501,4.648],[-2.421,0.686],[-1.872,-4.7],[3.019,-4.299],[6.798,-8.309],[9.785,-6.882],[3.729,8.635],[-9.041,10.161],[-0.049,0.054]],"o":[[4.585,-3.874],[4.781,-1.355],[2.067,5.19],[-7.493,10.67],[-7.527,9.2],[-5.743,4.039],[-6.188,-14.33],[0.049,-0.053],[4.874,-5.295]],"v":[[10.385,-31.482],[21.254,-38.652],[33.15,-32.63],[29.543,-16.777],[10.903,8.823],[-14.49,34.407],[-32.904,33.912],[-5.242,-16.257],[-5.096,-16.417]],"c":true},"ix":2},"nm":"Path 1","mn":"ADBE Vector Shape - Group","hd":false},{"ty":"fl","c":{"a":0,"k":[1,0.658823549747,0.164705887437,1],"ix":4},"o":{"a":0,"k":100,"ix":5},"r":1,"bm":0,"nm":"Fill 1","mn":"ADBE Vector Graphic - Fill","hd":false},{"ty":"tr","p":{"a":0,"k":[2777.698,708.422],"ix":2},"a":{"a":0,"k":[0,0],"ix":1},"s":{"a":0,"k":[100,100],"ix":3},"r":{"a":0,"k":0,"ix":6},"o":{"a":0,"k":100,"ix":7},"sk":{"a":0,"k":0,"ix":4},"sa":{"a":0,"k":0,"ix":5},"nm":"Transform"}],"nm":"Group 1","np":2,"cix":2,"bm":0,"ix":1,"mn":"ADBE Vector Group","hd":false},{"ty":"gr","it":[{"ind":0,"ty":"sh","ix":1,"ks":{"a":0,"k":{"i":[[3.439,6.327],[0.182,2.51],[-4.982,0.883],[-3.6,-3.826],[-6.762,-8.338],[-4.76,-10.975],[9.211,-1.905],[8.122,10.909],[0.043,0.059]],"o":[[-2.867,-5.274],[-0.36,-4.956],[5.501,-0.974],[8.934,9.497],[7.487,9.232],[2.793,6.441],[-15.286,3.161],[-0.042,-0.058],[-4.199,-5.844]],"v":[[-28.538,-16.59],[-33.361,-28.685],[-25.056,-39.117],[-10.261,-32.377],[11.039,-8.944],[30.956,21.1],[26.747,39.033],[-16.789,1.794],[-16.916,1.618]],"c":true},"ix":2},"nm":"Path 1","mn":"ADBE Vector Shape - Group","hd":false},{"ty":"fl","c":{"a":0,"k":[1,0.658823549747,0.164705887437,1],"ix":4},"o":{"a":0,"k":100,"ix":5},"r":1,"bm":0,"nm":"Fill 1","mn":"ADBE Vector Graphic - Fill","hd":false},{"ty":"tr","p":{"a":0,"k":[2522.05,708.879],"ix":2},"a":{"a":0,"k":[0,0],"ix":1},"s":{"a":0,"k":[100,100],"ix":3},"r":{"a":0,"k":0,"ix":6},"o":{"a":0,"k":100,"ix":7},"sk":{"a":0,"k":0,"ix":4},"sa":{"a":0,"k":0,"ix":5},"nm":"Transform"}],"nm":"Group 2","np":2,"cix":2,"bm":0,"ix":2,"mn":"ADBE Vector Group","hd":false},{"ty":"gr","it":[{"ind":0,"ty":"sh","ix":1,"ks":{"a":0,"k":{"i":[[6.968,1.82],[1.956,1.584],[-2.764,4.238],[-5.254,0.008],[-10.708,-0.772],[-11.261,-4.036],[4.911,-8.022],[13.514,1.538],[0.072,0.009]],"o":[[-5.808,-1.517],[-3.861,-3.128],[3.052,-4.679],[13.038,-0.02],[11.856,0.855],[6.609,2.368],[-8.151,13.312],[-0.072,-0.009],[-7.135,-0.935]],"v":[[-32.087,8.876],[-44.209,4.119],[-46.137,-9.074],[-31.1,-15.255],[0.563,-14.762],[36.103,-8.739],[46.304,6.599],[-10.641,12.881],[-10.856,12.854]],"c":true},"ix":2},"nm":"Path 1","mn":"ADBE Vector Shape - Group","hd":false},{"ty":"fl","c":{"a":0,"k":[1,0.658823549747,0.164705887437,1],"ix":4},"o":{"a":0,"k":100,"ix":5},"r":1,"bm":0,"nm":"Fill 1","mn":"ADBE Vector Graphic - Fill","hd":false},{"ty":"tr","p":{"a":0,"k":[2459.149,831.678],"ix":2},"a":{"a":0,"k":[0,0],"ix":1},"s":{"a":0,"k":[100,100],"ix":3},"r":{"a":0,"k":0,"ix":6},"o":{"a":0,"k":100,"ix":7},"sk":{"a":0,"k":0,"ix":4},"sa":{"a":0,"k":0,"ix":5},"nm":"Transform"}],"nm":"Group 3","np":2,"cix":2,"bm":0,"ix":3,"mn":"ADBE Vector Group","hd":false},{"ty":"gr","it":[{"ind":0,"ty":"sh","ix":1,"ks":{"a":0,"k":{"i":[[7.173,-0.641],[2.376,0.83],[-1.17,4.922],[-4.942,1.782],[-10.339,2.891],[-11.963,0.006],[1.913,-9.209],[13.239,-3.117],[0.071,-0.016]],"o":[[-5.979,0.534],[-4.691,-1.639],[1.292,-5.435],[12.265,-4.424],[11.447,-3.201],[7.021,-0.003],[-3.174,15.283],[-0.07,0.016],[-7.032,1.531]],"v":[[-26.851,19.639],[-39.867,19.257],[-46.139,7.491],[-34.074,-3.407],[-4.105,-13.639],[31.38,-19.975],[46.162,-8.985],[-5.312,16.164],[-5.524,16.211]],"c":true},"ix":2},"nm":"Path 1","mn":"ADBE Vector Shape - Group","hd":false},{"ty":"fl","c":{"a":0,"k":[1,0.658823549747,0.164705887437,1],"ix":4},"o":{"a":0,"k":100,"ix":5},"r":1,"bm":0,"nm":"Fill 1","mn":"ADBE Vector Graphic - Fill","hd":false},{"ty":"tr","p":{"a":0,"k":[2848.887,821.202],"ix":2},"a":{"a":0,"k":[0,0],"ix":1},"s":{"a":0,"k":[100,100],"ix":3},"r":{"a":0,"k":0,"ix":6},"o":{"a":0,"k":100,"ix":7},"sk":{"a":0,"k":0,"ix":4},"sa":{"a":0,"k":0,"ix":5},"nm":"Transform"}],"nm":"Group 4","np":2,"cix":2,"bm":0,"ix":4,"mn":"ADBE Vector Group","hd":false},{"ty":"gr","it":[{"ind":0,"ty":"sh","ix":1,"ks":{"a":0,"k":{"i":[[6.662,-2.734],[2.515,0.09],[0.338,5.048],[-4.193,3.165],[-9.021,5.82],[-11.425,3.545],[-0.897,-9.363],[11.724,-6.895],[0.063,-0.036]],"o":[[-5.553,2.279],[-4.966,-0.178],[-0.374,-5.574],[10.407,-7.854],[9.988,-6.444],[6.705,-2.08],[1.489,15.538],[-0.063,0.036],[-6.264,3.542]],"v":[[-19.644,26.512],[-32.19,29.998],[-41.662,20.613],[-33.361,6.634],[-7.761,-12.006],[24.261,-28.557],[41.633,-22.432],[-0.097,16.82],[-0.285,16.928]],"c":true},"ix":2},"nm":"Path 1","mn":"ADBE Vector Shape - Group","hd":false},{"ty":"fl","c":{"a":0,"k":[1,0.658823549747,0.164705887437,1],"ix":4},"o":{"a":0,"k":100,"ix":5},"r":1,"bm":0,"nm":"Fill 1","mn":"ADBE Vector Graphic - Fill","hd":false},{"ty":"tr","p":{"a":0,"k":[2480.642,971.468],"ix":2},"a":{"a":0,"k":[0,0],"ix":1},"s":{"a":0,"k":[100,100],"ix":3},"r":{"a":0,"k":0,"ix":6},"o":{"a":0,"k":100,"ix":7},"sk":{"a":0,"k":0,"ix":4},"sa":{"a":0,"k":0,"ix":5},"nm":"Transform"}],"nm":"Group 5","np":2,"cix":2,"bm":0,"ix":5,"mn":"ADBE Vector Group","hd":false},{"ty":"gr","it":[{"ind":0,"ty":"sh","ix":1,"ks":{"a":0,"k":{"i":[[3.421,-6.337],[2.003,-1.524],[3.461,3.691],[-1.239,5.105],[-3.291,10.218],[-6.593,9.982],[-6.627,-6.675],[4.701,-12.763],[0.026,-0.068]],"o":[[-2.852,5.282],[-3.955,3.009],[-3.821,-4.075],[3.074,-12.671],[3.644,-11.314],[3.869,-5.858],[10.998,11.077],[-0.026,0.067],[-2.601,6.71]],"v":[[1.714,33.408],[-5.784,44.055],[-19.058,42.797],[-21.494,26.722],[-13.501,-3.92],[0.785,-37.014],[18.106,-43.284],[10.694,13.524],[10.617,13.727]],"c":true},"ix":2},"nm":"Path 1","mn":"ADBE Vector Shape - Group","hd":false},{"ty":"fl","c":{"a":0,"k":[1,0.658823549747,0.164705887437,1],"ix":4},"o":{"a":0,"k":100,"ix":5},"r":1,"bm":0,"nm":"Fill 1","mn":"ADBE Vector Graphic - Fill","hd":false},{"ty":"tr","p":{"a":0,"k":[2590.676,1055.297],"ix":2},"a":{"a":0,"k":[0,0],"ix":1},"s":{"a":0,"k":[100,100],"ix":3},"r":{"a":0,"k":0,"ix":6},"o":{"a":0,"k":100,"ix":7},"sk":{"a":0,"k":0,"ix":4},"sa":{"a":0,"k":0,"ix":5},"nm":"Transform"}],"nm":"Group 6","np":2,"cix":2,"bm":0,"ix":6,"mn":"ADBE Vector Group","hd":false},{"ty":"gr","it":[{"ind":0,"ty":"sh","ix":1,"ks":{"a":0,"k":{"i":[[-5.629,-4.492],[-1.144,-2.242],[4.247,-2.75],[4.804,2.126],[9.472,5.053],[8.652,8.261],[-7.746,5.336],[-11.725,-6.893],[-0.062,-0.038]],"o":[[4.691,3.744],[2.259,4.426],[-4.689,3.036],[-11.923,-5.276],[-10.487,-5.595],[-5.078,-4.848],[12.854,-8.856],[0.062,0.037],[6.141,3.752]],"v":[[33.085,4.078],[42.231,13.347],[38.636,26.186],[22.384,25.729],[-6.351,12.421],[-36.382,-7.515],[-39.476,-25.674],[15.113,-8.291],[15.298,-8.179]],"c":true},"ix":2},"nm":"Path 1","mn":"ADBE Vector Shape - Group","hd":false},{"ty":"fl","c":{"a":0,"k":[1,0.658823549747,0.164705887437,1],"ix":4},"o":{"a":0,"k":100,"ix":5},"r":1,"bm":0,"nm":"Fill 1","mn":"ADBE Vector Graphic - Fill","hd":false},{"ty":"tr","p":{"a":0,"k":[2829.02,957.978],"ix":2},"a":{"a":0,"k":[0,0],"ix":1},"s":{"a":0,"k":[100,100],"ix":3},"r":{"a":0,"k":0,"ix":6},"o":{"a":0,"k":100,"ix":7},"sk":{"a":0,"k":0,"ix":4},"sa":{"a":0,"k":0,"ix":5},"nm":"Transform"}],"nm":"Group 7","np":2,"cix":2,"bm":0,"ix":7,"mn":"ADBE Vector Group","hd":false},{"ty":"gr","it":[{"ind":0,"ty":"sh","ix":1,"ks":{"a":0,"k":{"i":[[-2.018,-6.913],[0.354,-2.492],[5.056,0.195],[2.706,4.503],[4.838,9.583],[2.323,11.735],[-9.405,-0.093],[-5.622,-12.384],[-0.029,-0.067]],"o":[[1.682,5.762],[-0.7,4.92],[-5.582,-0.215],[-6.715,-11.176],[-5.357,-10.611],[-1.363,-6.887],[15.608,0.154],[0.029,0.066],[2.864,6.602]],"v":[[24.293,22.403],[26.439,35.246],[16.11,43.678],[3.082,33.952],[-12.761,6.533],[-25.849,-27.053],[-17.93,-43.685],[16.712,1.945],[16.799,2.143]],"c":true},"ix":2},"nm":"Path 1","mn":"ADBE Vector Shape - Group","hd":false},{"ty":"fl","c":{"a":0,"k":[1,0.658823549747,0.164705887437,1],"ix":4},"o":{"a":0,"k":100,"ix":5},"r":1,"bm":0,"nm":"Fill 1","mn":"ADBE Vector Graphic - Fill","hd":false},{"ty":"tr","p":{"a":0,"k":[2732.124,1044.795],"ix":2},"a":{"a":0,"k":[0,0],"ix":1},"s":{"a":0,"k":[100,100],"ix":3},"r":{"a":0,"k":0,"ix":6},"o":{"a":0,"k":100,"ix":7},"sk":{"a":0,"k":0,"ix":4},"sa":{"a":0,"k":0,"ix":5},"nm":"Transform"}],"nm":"Group 8","np":2,"cix":2,"bm":0,"ix":8,"mn":"ADBE Vector Group","hd":false},{"ty":"gr","it":[{"ind":0,"ty":"sh","ix":1,"ks":{"a":0,"k":{"i":[[1.291,-7.085],[1.433,-2.069],[4.433,2.438],[0.403,5.238],[0.035,10.735],[-3.178,11.533],[-8.368,-4.295],[0.518,-13.591],[0.004,-0.073]],"o":[[-1.076,5.905],[-2.829,4.085],[-4.895,-2.692],[-1,-13],[-0.039,-11.886],[1.865,-6.768],[13.887,7.127],[-0.004,0.072],[-0.396,7.185]],"v":[[11.531,31.266],[7.699,43.712],[-5.312,46.625],[-12.606,32.095],[-14.494,0.484],[-11.157,-35.407],[3.371,-46.732],[13.914,9.58],[13.903,9.796]],"c":true},"ix":2},"nm":"Path 1","mn":"ADBE Vector Shape - Group","hd":false},{"ty":"fl","c":{"a":0,"k":[1,0.658823549747,0.164705887437,1],"ix":4},"o":{"a":0,"k":100,"ix":5},"r":1,"bm":0,"nm":"Fill 1","mn":"ADBE Vector Graphic - Fill","hd":false},{"ty":"tr","p":{"a":0,"k":[2648.106,661.405],"ix":2},"a":{"a":0,"k":[0,0],"ix":1},"s":{"a":0,"k":[100,100],"ix":3},"r":{"a":0,"k":0,"ix":6},"o":{"a":0,"k":100,"ix":7},"sk":{"a":0,"k":0,"ix":4},"sa":{"a":0,"k":0,"ix":5},"nm":"Transform"}],"nm":"Group 9","np":2,"cix":2,"bm":0,"ix":9,"mn":"ADBE Vector Group","hd":false}],"ip":0,"op":70,"st":0,"bm":0},{"ddd":0,"ind":3,"ty":4,"nm":"Layer 5","sr":1,"ks":{"o":{"a":0,"k":100,"ix":11},"r":{"a":0,"k":0,"ix":10},"p":{"a":0,"k":[525.5,475.5,0],"ix":2},"a":{"a":0,"k":[2654.62,865.498,0],"ix":1},"s":{"a":0,"k":[173.064,177.025,100],"ix":6}},"ao":0,"shapes":[{"ty":"gr","it":[{"d":1,"ty":"el","s":{"a":0,"k":[9.206,22.772],"ix":2},"p":{"a":0,"k":[0,0],"ix":3},"nm":"Ellipse Path 1","mn":"ADBE Vector Shape - Ellipse","hd":false},{"ty":"fl","c":{"a":0,"k":[1,1,0.921568632126,1],"ix":4},"o":{"a":0,"k":100,"ix":5},"r":1,"bm":0,"nm":"Fill 1","mn":"ADBE Vector Graphic - Fill","hd":false},{"ty":"tr","p":{"a":0,"k":[2556.292,834.865],"ix":2},"a":{"a":0,"k":[0,0],"ix":1},"s":{"a":0,"k":[100,100],"ix":3},"r":{"a":0,"k":0,"ix":6},"o":{"a":0,"k":100,"ix":7},"sk":{"a":0,"k":0,"ix":4},"sa":{"a":0,"k":0,"ix":5},"nm":"Transform"}],"nm":"Group 1","np":2,"cix":2,"bm":0,"ix":1,"mn":"ADBE Vector Group","hd":false},{"ty":"gr","it":[{"ind":0,"ty":"sh","ix":1,"ks":{"a":0,"k":{"i":[[1.454,-7.268],[-9.493,22.766]],"o":[[0,0],[7.21,-17.29]],"v":[[-22.162,19.069],[21.443,-15.088]],"c":true},"ix":2},"nm":"Path 1","mn":"ADBE Vector Shape - Group","hd":false},{"ty":"fl","c":{"a":0,"k":[1,1,0.921568632126,1],"ix":4},"o":{"a":0,"k":100,"ix":5},"r":1,"bm":0,"nm":"Fill 1","mn":"ADBE Vector Graphic - Fill","hd":false},{"ty":"tr","p":{"a":0,"k":[2583.057,792.297],"ix":2},"a":{"a":0,"k":[0,0],"ix":1},"s":{"a":0,"k":[100,100],"ix":3},"r":{"a":0,"k":0,"ix":6},"o":{"a":0,"k":100,"ix":7},"sk":{"a":0,"k":0,"ix":4},"sa":{"a":0,"k":0,"ix":5},"nm":"Transform"}],"nm":"Group 2","np":2,"cix":2,"bm":0,"ix":2,"mn":"ADBE Vector Group","hd":false},{"ty":"gr","it":[{"ind":0,"ty":"sh","ix":1,"ks":{"a":0,"k":{"i":[[41.386,-50.739],[46.139,37.634],[-41.386,50.739],[-46.139,-37.634]],"o":[[-41.386,50.739],[-46.139,-37.634],[41.386,-50.739],[46.139,37.634]],"v":[[83.543,68.143],[-74.937,91.871],[-83.543,-68.143],[74.937,-91.871]],"c":true},"ix":2},"nm":"Path 1","mn":"ADBE Vector Shape - Group","hd":false},{"ty":"fl","c":{"a":0,"k":[0.933333337307,0.835294127464,0.172549024224,1],"ix":4},"o":{"a":0,"k":100,"ix":5},"r":1,"bm":0,"nm":"Fill 1","mn":"ADBE Vector Graphic - Fill","hd":false},{"ty":"tr","p":{"a":0,"k":[2646.203,857.887],"ix":2},"a":{"a":0,"k":[0,0],"ix":1},"s":{"a":0,"k":[100,100],"ix":3},"r":{"a":0,"k":0,"ix":6},"o":{"a":0,"k":100,"ix":7},"sk":{"a":0,"k":0,"ix":4},"sa":{"a":0,"k":0,"ix":5},"nm":"Transform"}],"nm":"Group 3","np":2,"cix":2,"bm":0,"ix":3,"mn":"ADBE Vector Group","hd":false},{"ty":"gr","it":[{"ind":0,"ty":"sh","ix":1,"ks":{"a":0,"k":{"i":[[28.507,-59.991],[58.268,27.688],[-28.507,59.991],[-58.268,-27.688]],"o":[[-28.507,59.991],[-58.268,-27.688],[28.507,-59.991],[58.268,27.688]],"v":[[105.504,50.134],[-51.617,108.624],[-105.504,-50.134],[51.617,-108.624]],"c":true},"ix":2},"nm":"Path 1","mn":"ADBE Vector Shape - Group","hd":false},{"ty":"fl","c":{"a":0,"k":[0.96862745285,0.647058844566,0.160784319043,1],"ix":4},"o":{"a":0,"k":100,"ix":5},"r":1,"bm":0,"nm":"Fill 1","mn":"ADBE Vector Graphic - Fill","hd":false},{"ty":"tr","p":{"a":0,"k":[2657.786,867.836],"ix":2},"a":{"a":0,"k":[0,0],"ix":1},"s":{"a":0,"k":[100,100],"ix":3},"r":{"a":0,"k":0,"ix":6},"o":{"a":0,"k":100,"ix":7},"sk":{"a":0,"k":0,"ix":4},"sa":{"a":0,"k":0,"ix":5},"nm":"Transform"}],"nm":"Group 4","np":2,"cix":2,"bm":0,"ix":4,"mn":"ADBE Vector Group","hd":false}],"ip":0,"op":70,"st":0,"bm":0}],"markers":[{"tm":76,"cm":"1","dr":0}]}